{
  "por_horizonte": {
    "0": {
      "rmse": 0.99067965452486,
      "mae": 0.7891704994716926,
      "skill_vs_rw": -0.2659632142298043,
      "skill_vs_arima": -0.8897107922760141
    },
    "1": {
      "rmse": 1.4318251517758303,
      "mae": 1.1078255831873198,
      "skill_vs_rw": -0.07677730701684671,
      "skill_vs_arima": -0.44592380017650823
    },
    "2": {
      "rmse": 1.8627152381618923,
      "mae": 1.4494448907349022,
      "skill_vs_rw": -0.048576748272768144,
      "skill_vs_arima": -0.3175361178027607
    },
    "3": {
      "rmse": 2.3420797285654116,
      "mae": 1.8618405725452623,
      "skill_vs_rw": -0.062277688473718396,
      "skill_vs_arima": -0.3085645496922764
    },
    "4": {
      "rmse": 2.995017276884535,
      "mae": 2.4442293743087125,
      "skill_vs_rw": -0.10554539918126293,
      "skill_vs_arima": -0.3049601305830205
    }
  },
  "global": {
    "rmse": 2.0472783614067622,
    "mae": 1.5305021840495778
  },
  "covid": {
    "0": {
      "rmse": 0.7369031413600654
    },
    "1": {
      "rmse": 1.823760058327624
    },
    "2": {
      "rmse": 2.7181723675432483
    },
    "3": {
      "rmse": 3.4513037951389474
    },
    "4": {
      "rmse": 3.895848891378128
    }
  },
  "train_test": {
    "train_rmse_insample_1paso": 0.853,
    "test_rmse_nowcast": 0.9907,
    "test_rmse_global": 2.0473,
    "gap_nowcast_test_menos_train": 0.1377
  },
  "hiperparametros": {
    "alpha": 0.45521
  },
  "referencia_rw": {
    "0": 0.7825501115587917,
    "1": 1.3297319161959538,
    "2": 1.7764224137433773,
    "3": 2.204771646790882,
    "4": 2.709085740940683
  },
  "benchmark_arima": {
    "0": 0.5242493499926838,
    "1": 0.9902493835436162,
    "2": 1.4137868503129314,
    "3": 1.7898083278476233,
    "4": 2.295102514393634
  }
}