{
  "por_horizonte": {
    "0": {
      "rmse": 1.349346760071996,
      "mae": 1.032127858367224,
      "skill_vs_rw": -0.7242943808214148,
      "skill_vs_arima": -1.5738644408253952
    },
    "1": {
      "rmse": 1.9345598486458122,
      "mae": 1.5110920142781619,
      "skill_vs_rw": -0.4548495264971357,
      "skill_vs_arima": -0.9536087381574252
    },
    "2": {
      "rmse": 2.523856466047316,
      "mae": 1.9655417178252748,
      "skill_vs_rw": -0.4207524328230603,
      "skill_vs_arima": -0.7851746644048068
    },
    "3": {
      "rmse": 2.9731801422365214,
      "mae": 2.3218660950375,
      "skill_vs_rw": -0.3485206717730083,
      "skill_vs_arima": -0.6611723702347447
    },
    "4": {
      "rmse": 3.5582838460186843,
      "mae": 2.838952736381227,
      "skill_vs_rw": -0.3134629857758331,
      "skill_vs_arima": -0.550381224238597
    }
  },
  "global": {
    "rmse": 2.58589613229709,
    "mae": 1.9339160843778775
  },
  "covid": {
    "0": {
      "rmse": 0.9425225281278511
    },
    "1": {
      "rmse": 1.354751939981604
    },
    "2": {
      "rmse": 2.0084389525112125
    },
    "3": {
      "rmse": 2.2123770472132827
    },
    "4": {
      "rmse": 2.5071097138817873
    }
  },
  "train_test": {
    "train_rmse_insample_1paso": 0.697,
    "test_rmse_nowcast": 1.3493,
    "test_rmse_global": 2.5859,
    "gap_nowcast_test_menos_train": 0.6523
  },
  "hiperparametros": {
    "k": 18,
    "n_estimators": 400,
    "max_depth": 4,
    "min_samples_leaf": 5,
    "max_features": 0.54584
  },
  "referencia_rw": {
    "0": 0.7825501115587917,
    "1": 1.3297319161959538,
    "2": 1.7764224137433773,
    "3": 2.204771646790882,
    "4": 2.709085740940683
  },
  "benchmark_arima": {
    "0": 0.5242493499926838,
    "1": 0.9902493835436162,
    "2": 1.4137868503129314,
    "3": 1.7898083278476233,
    "4": 2.295102514393634
  }
}