{
  "por_horizonte": {
    "0": {
      "rmse": 1.2877171711269004,
      "mae": 0.9946190129003128,
      "skill_vs_rw": -0.6455395662289882,
      "skill_vs_arima": -1.4563066623637613
    },
    "1": {
      "rmse": 1.8160888694632809,
      "mae": 1.4124448767436855,
      "skill_vs_rw": -0.36575564393361226,
      "skill_vs_arima": -0.8339712194158513
    },
    "2": {
      "rmse": 2.3951603591818516,
      "mae": 1.9357695918555298,
      "skill_vs_rw": -0.348305639836324,
      "skill_vs_arima": -0.6941453081500231
    },
    "3": {
      "rmse": 2.820467841200788,
      "mae": 2.2806624802166593,
      "skill_vs_rw": -0.279256219257932,
      "skill_vs_arima": -0.5758490992119858
    },
    "4": {
      "rmse": 3.4396499457628846,
      "mae": 2.821093378837556,
      "skill_vs_rw": -0.2696718652280552,
      "skill_vs_arima": -0.4986912018924088
    }
  },
  "global": {
    "rmse": 2.468984326942319,
    "mae": 1.8889178681107488
  },
  "covid": {
    "0": {
      "rmse": 1.2150717889084461
    },
    "1": {
      "rmse": 1.5911109036469946
    },
    "2": {
      "rmse": 2.173550823868682
    },
    "3": {
      "rmse": 2.542048153644776
    },
    "4": {
      "rmse": 2.94191578104233
    }
  },
  "train_test": {
    "train_rmse_insample_1paso": 0.427,
    "test_rmse_nowcast": 1.2877,
    "test_rmse_global": 2.469,
    "gap_nowcast_test_menos_train": 0.8607
  },
  "hiperparametros": {
    "k": 24,
    "n_estimators": 700,
    "learning_rate": 0.01537,
    "max_depth": 2,
    "min_child_weight": 8,
    "subsample": 0.51302,
    "colsample_bytree": 0.57133,
    "reg_alpha": 0.2399,
    "reg_lambda": 1.23569
  },
  "referencia_rw": {
    "0": 0.7825501115587917,
    "1": 1.3297319161959538,
    "2": 1.7764224137433773,
    "3": 2.204771646790882,
    "4": 2.709085740940683
  },
  "benchmark_arima": {
    "0": 0.5242493499926838,
    "1": 0.9902493835436162,
    "2": 1.4137868503129314,
    "3": 1.7898083278476233,
    "4": 2.295102514393634
  }
}