{
  "por_horizonte": {
    "0": {
      "rmse": 2.0569737141609132,
      "mae": 1.7263149534093831,
      "skill_vs_rw": -1.6285520681398258,
      "skill_vs_arima": -2.923655249528911
    },
    "1": {
      "rmse": 2.5617817902233226,
      "mae": 2.0601138057913806,
      "skill_vs_rw": -0.9265400484271822,
      "skill_vs_arima": -1.587006700328319
    },
    "2": {
      "rmse": 3.0497913059580983,
      "mae": 2.385586932510918,
      "skill_vs_rw": -0.716816497226809,
      "skill_vs_arima": -1.1571790014053742
    },
    "3": {
      "rmse": 3.5146727835918554,
      "mae": 2.672667805823134,
      "skill_vs_rw": -0.5941210005614768,
      "skill_vs_arima": -0.963714621787747
    },
    "4": {
      "rmse": 4.10516522943742,
      "mae": 3.177879480554567,
      "skill_vs_rw": -0.5153323379170613,
      "skill_vs_arima": -0.7886631223189629
    }
  },
  "global": {
    "rmse": 3.1400764369062633,
    "mae": 2.4045125956178763
  },
  "covid": {
    "0": {
      "rmse": 1.2277997183576999
    },
    "1": {
      "rmse": 1.4158867098811763
    },
    "2": {
      "rmse": 1.6759759544158734
    },
    "3": {
      "rmse": 1.5610588788254032
    },
    "4": {
      "rmse": 1.8580774559887923
    }
  },
  "train_test": {
    "train_rmse_insample_1paso": 0.974,
    "test_rmse_nowcast": 2.057,
    "test_rmse_global": 3.1401,
    "gap_nowcast_test_menos_train": 1.083
  },
  "hiperparametros": {
    "alpha": 204.33597
  },
  "referencia_rw": {
    "0": 0.7825501115587917,
    "1": 1.3297319161959538,
    "2": 1.7764224137433773,
    "3": 2.204771646790882,
    "4": 2.709085740940683
  },
  "benchmark_arima": {
    "0": 0.5242493499926838,
    "1": 0.9902493835436162,
    "2": 1.4137868503129314,
    "3": 1.7898083278476233,
    "4": 2.295102514393634
  }
}