{
  "por_horizonte": {
    "0": {
      "rmse": 0.5242493499926838,
      "mae": 0.366284701126797,
      "n": 116,
      "skill_vs_rw": 0.3300756817369672
    },
    "1": {
      "rmse": 0.9902493835436165,
      "mae": 0.7012433344862604,
      "n": 116,
      "skill_vs_rw": 0.2553014848462959
    },
    "2": {
      "rmse": 1.4137868503129316,
      "mae": 1.0231440758400205,
      "n": 116,
      "skill_vs_rw": 0.20413813776773937
    },
    "3": {
      "rmse": 1.7898083278476233,
      "mae": 1.3235582237278545,
      "n": 116,
      "skill_vs_rw": 0.18821147285128204
    },
    "4": {
      "rmse": 2.2951025143936343,
      "mae": 1.7271646877699218,
      "n": 116,
      "skill_vs_rw": 0.15281289192541403
    }
  },
  "global": {
    "rmse": 1.5313480259368026,
    "mae": 1.0282790045901709,
    "n": 580
  },
  "covid": {
    "0": {
      "rmse": 0.7682085207504739,
      "mae": 0.6045111130827108,
      "n": 8
    },
    "1": {
      "rmse": 1.706210204841797,
      "mae": 1.5103757724888967,
      "n": 8
    },
    "2": {
      "rmse": 2.3371354367346227,
      "mae": 2.057296511138685,
      "n": 8
    },
    "3": {
      "rmse": 2.7166227190900645,
      "mae": 2.4870446841048244,
      "n": 8
    },
    "4": {
      "rmse": 3.134624149205769,
      "mae": 2.824874695375623,
      "n": 8
    }
  },
  "referencia_rw": {
    "0": 0.7825501115587917,
    "1": 1.3297319161959538,
    "2": 1.7764224137433773,
    "3": 2.204771646790882,
    "4": 2.709085740940683
  }
}