{
  "por_horizonte": {
    "0": {
      "rmse": 0.6082490758268221,
      "mae": 0.43590701804664644,
      "n": 116,
      "skill_vs_rw": 0.22273466345148518,
      "skill_vs_arima": -0.1602285741228111
    },
    "1": {
      "rmse": 1.0773959387931062,
      "mae": 0.7605050536421566,
      "n": 116,
      "skill_vs_rw": 0.18976454902633355,
      "skill_vs_arima": -0.08800465488565612
    },
    "2": {
      "rmse": 1.499534357763371,
      "mae": 1.1279186982064853,
      "n": 116,
      "skill_vs_rw": 0.15586836432475093,
      "skill_vs_arima": -0.060650944257587325
    },
    "3": {
      "rmse": 1.8827292359987313,
      "mae": 1.4226279557571408,
      "n": 116,
      "skill_vs_rw": 0.14606610678293774,
      "skill_vs_arima": -0.05191668107995251
    },
    "4": {
      "rmse": 2.442455106638444,
      "mae": 1.910472206546486,
      "n": 116,
      "skill_vs_rw": 0.09842089169523882,
      "skill_vs_arima": -0.06420305468740262
    }
  },
  "global": {
    "rmse": 1.6303133785449624,
    "mae": 1.131486186439783,
    "n": 580
  },
  "covid": {
    "0": {
      "rmse": 0.8769203645377092,
      "mae": 0.7500806477209245,
      "n": 8
    },
    "1": {
      "rmse": 2.027272266337821,
      "mae": 1.8576102863504704,
      "n": 8
    },
    "2": {
      "rmse": 2.5666329462220956,
      "mae": 2.3225180191107286,
      "n": 8
    },
    "3": {
      "rmse": 2.421069313392147,
      "mae": 2.182079566328831,
      "n": 8
    },
    "4": {
      "rmse": 3.049623588294836,
      "mae": 2.6130166925949716,
      "n": 8
    }
  },
  "referencia_rw": {
    "0": 0.7825501115587917,
    "1": 1.3297319161959538,
    "2": 1.7764224137433773,
    "3": 2.204771646790882,
    "4": 2.709085740940683
  },
  "benchmark_arima": {
    "0": 0.5242493499926838,
    "1": 0.9902493835436165,
    "2": 1.4137868503129316,
    "3": 1.7898083278476233,
    "4": 2.2951025143936343
  }
}