{
  "por_horizonte": {
    "0": {
      "rmse": 0.6531564814289311,
      "mae": 0.4837346421601249,
      "n": 116,
      "skill_vs_rw": 0.16534868274712333,
      "skill_vs_arima": -0.24588896760300472
    },
    "1": {
      "rmse": 1.1596359416874016,
      "mae": 0.8512829678051825,
      "n": 116,
      "skill_vs_rw": 0.12791749407290776,
      "skill_vs_arima": -0.17105444442452877
    },
    "2": {
      "rmse": 1.5360460965687182,
      "mae": 1.1562676049682061,
      "n": 116,
      "skill_vs_rw": 0.13531484139975725,
      "skill_vs_arima": -0.08647643471059707
    },
    "3": {
      "rmse": 1.9235564904221834,
      "mae": 1.4304566957817337,
      "n": 116,
      "skill_vs_rw": 0.12754842742014416,
      "skill_vs_arima": -0.07472764568896717
    },
    "4": {
      "rmse": 2.551610849130664,
      "mae": 1.846619094334059,
      "n": 116,
      "skill_vs_rw": 0.05812842666077389,
      "skill_vs_arima": -0.11176334526599563
    }
  },
  "global": {
    "rmse": 1.6936111722893459,
    "mae": 1.1536722010098612,
    "n": 580
  },
  "covid": {
    "0": {
      "rmse": 1.234498900385779,
      "mae": 1.0549099658757,
      "n": 8
    },
    "1": {
      "rmse": 1.8298096571452351,
      "mae": 1.5819323903843079,
      "n": 8
    },
    "2": {
      "rmse": 2.4508903499772132,
      "mae": 1.9708865931229458,
      "n": 8
    },
    "3": {
      "rmse": 3.2481838482655303,
      "mae": 2.462410375488236,
      "n": 8
    },
    "4": {
      "rmse": 3.9681620522949714,
      "mae": 2.952439224794833,
      "n": 8
    }
  },
  "train_test": {
    "train_rmse_insample_1paso": 0.4114,
    "train_mae_insample_1paso": 0.3192,
    "test_rmse_nowcast": 0.6532,
    "test_rmse_global": 1.6936,
    "gap_nowcast_test_menos_train": 0.2418
  },
  "especificacion": {
    "clase": "VAR estacionario",
    "lag_seleccion": "BIC por fold",
    "k_ar_full": 6
  },
  "referencia_rw": {
    "0": 0.7825501115587917,
    "1": 1.3297319161959538,
    "2": 1.7764224137433773,
    "3": 2.204771646790882,
    "4": 2.709085740940683
  },
  "benchmark_arima": {
    "0": 0.5242493499926838,
    "1": 0.9902493835436162,
    "2": 1.4137868503129314,
    "3": 1.7898083278476233,
    "4": 2.295102514393634
  }
}