{
  "por_horizonte": {
    "0": {
      "rmse": 0.6825080406352573,
      "mae": 0.515818301974972,
      "n": 116,
      "skill_vs_rw": 0.12784110492842027,
      "skill_vs_arima": -0.30187675129169356
    },
    "1": {
      "rmse": 1.2992811052780044,
      "mae": 0.8935132261665599,
      "n": 116,
      "skill_vs_rw": 0.02289996242630754,
      "skill_vs_arima": -0.3120746418730558
    },
    "2": {
      "rmse": 1.931053633266431,
      "mae": 1.2879914144937117,
      "n": 116,
      "skill_vs_rw": -0.08704642450283329,
      "skill_vs_arima": -0.3658732452059561
    },
    "3": {
      "rmse": 2.6171325901546445,
      "mae": 1.7234529555981921,
      "n": 116,
      "skill_vs_rw": -0.18703113493135115,
      "skill_vs_arima": -0.4622418218949398
    },
    "4": {
      "rmse": 2.840468570574072,
      "mae": 2.1002779989894567,
      "n": 116,
      "skill_vs_rw": -0.04849711016815905,
      "skill_vs_arima": -0.23762165426607273
    }
  },
  "global": {
    "rmse": 2.03963533238098,
    "mae": 1.3042107794445785,
    "n": 580
  },
  "covid": {
    "0": {
      "rmse": 1.0223733428938375,
      "mae": 0.9262947047262431,
      "n": 8
    },
    "1": {
      "rmse": 1.9368623773841578,
      "mae": 1.5173691530854811,
      "n": 8
    },
    "2": {
      "rmse": 3.14408777271211,
      "mae": 2.2358322482070037,
      "n": 8
    },
    "3": {
      "rmse": 4.971666241605666,
      "mae": 3.6027996681585828,
      "n": 8
    },
    "4": {
      "rmse": 3.249644007597899,
      "mae": 2.9273776806973713,
      "n": 8
    }
  },
  "train_test": {
    "train_rmse_insample_1paso": 0.4122,
    "train_mae_insample_1paso": 0.313,
    "test_rmse_nowcast": 0.6825,
    "test_rmse_global": 2.0396,
    "gap_nowcast_test_menos_train": 0.2703
  },
  "especificacion": {
    "clase": "VECM",
    "rango": 1,
    "k_ar_diff": 5,
    "deterministic": "co"
  },
  "referencia_rw": {
    "0": 0.7825501115587917,
    "1": 1.3297319161959538,
    "2": 1.7764224137433773,
    "3": 2.204771646790882,
    "4": 2.709085740940683
  },
  "benchmark_arima": {
    "0": 0.5242493499926838,
    "1": 0.9902493835436162,
    "2": 1.4137868503129314,
    "3": 1.7898083278476233,
    "4": 2.295102514393634
  }
}