{
  "por_horizonte": {
    "0": {
      "rmse": 0.7825501115587917,
      "mae": 0.5764922765521575,
      "n": 116
    },
    "1": {
      "rmse": 1.3297319161959538,
      "mae": 1.0067837069325416,
      "n": 116
    },
    "2": {
      "rmse": 1.7764224137433773,
      "mae": 1.3985743177928849,
      "n": 116
    },
    "3": {
      "rmse": 2.204771646790882,
      "mae": 1.770981878999328,
      "n": 116
    },
    "4": {
      "rmse": 2.709085740940683,
      "mae": 2.17166942162327,
      "n": 116
    }
  },
  "global": {
    "rmse": 1.883423043522713,
    "mae": 1.3849003203800365,
    "n": 580
  },
  "covid": {
    "0": {
      "rmse": 0.7707400610875489,
      "mae": 0.6645136864781025,
      "n": 8
    },
    "1": {
      "rmse": 1.2787643756957834,
      "mae": 1.1141422158548273,
      "n": 8
    },
    "2": {
      "rmse": 1.654959841517496,
      "mae": 1.47260350094172,
      "n": 8
    },
    "3": {
      "rmse": 1.7799713790676615,
      "mae": 1.5374947153565448,
      "n": 8
    },
    "4": {
      "rmse": 1.770765761152509,
      "mae": 1.4854105623451603,
      "n": 8
    }
  }
}