{
  "por_horizonte": {
    "0": {
      "rmse": 0.7046885478271027,
      "mae": 0.5037340861104425,
      "n": 116,
      "skill_vs_rw": 0.09949722398811445,
      "skill_vs_arima": -0.34418583034378014
    },
    "1": {
      "rmse": 1.291336743280167,
      "mae": 0.9252333368529663,
      "n": 116,
      "skill_vs_rw": 0.028874371178234326,
      "skill_vs_arima": -0.3040520547047523
    },
    "2": {
      "rmse": 1.823036949243638,
      "mae": 1.3445599050429538,
      "n": 116,
      "skill_vs_rw": -0.026240681911928743,
      "skill_vs_arima": -0.2894708624854745
    },
    "3": {
      "rmse": 2.3402344249383815,
      "mae": 1.7322680140270326,
      "n": 116,
      "skill_vs_rw": -0.06144072940373224,
      "skill_vs_arima": -0.307533543411705
    },
    "4": {
      "rmse": 2.8934417952708578,
      "mae": 2.1616615296474464,
      "n": 116,
      "skill_vs_rw": -0.06805102235935889,
      "skill_vs_arima": -0.26070263838968644
    }
  },
  "global": {
    "rmse": 1.9665351681868581,
    "mae": 1.3334913743361683,
    "n": 580
  },
  "covid": {
    "0": {
      "rmse": 0.9024247844852034,
      "mae": 0.7061118669761521,
      "n": 8
    },
    "1": {
      "rmse": 1.4739788515985583,
      "mae": 1.1583065117728992,
      "n": 8
    },
    "2": {
      "rmse": 1.8113082400517646,
      "mae": 1.5134836138281709,
      "n": 8
    },
    "3": {
      "rmse": 2.118474515923873,
      "mae": 1.8709960307105507,
      "n": 8
    },
    "4": {
      "rmse": 2.412741447293829,
      "mae": 2.184965287902171,
      "n": 8
    }
  },
  "referencia_rw": {
    "0": 0.7825501115587917,
    "1": 1.3297319161959538,
    "2": 1.7764224137433773,
    "3": 2.204771646790882,
    "4": 2.709085740940683
  },
  "benchmark_arima": {
    "0": 0.5242493499926838,
    "1": 0.9902493835436162,
    "2": 1.4137868503129314,
    "3": 1.7898083278476233,
    "4": 2.295102514393634
  },
  "hiperparametros": {
    "fourier": 2,
    "cps": 0.00306,
    "cr": 0.80469,
    "n_cp": 25,
    "hps": 0.2713,
    "sps": 4.47663
  }
}