{
  "por_horizonte": {
    "0": {
      "rmse": 3.3509235908975845,
      "mae": 2.442090745879193,
      "n": 116,
      "skill_vs_rw": -3.282056243302746,
      "skill_vs_arima": -5.391850730848495
    },
    "1": {
      "rmse": 5.050868571844783,
      "mae": 4.21801879533541,
      "n": 116,
      "skill_vs_rw": -2.798411176212206,
      "skill_vs_arima": -4.10060259141006
    },
    "2": {
      "rmse": 5.8614344277203765,
      "mae": 5.264367852737743,
      "n": 116,
      "skill_vs_rw": -2.2995724341086374,
      "skill_vs_arima": -3.1459109811517845
    },
    "3": {
      "rmse": 6.471425009355122,
      "mae": 5.980658100210166,
      "n": 116,
      "skill_vs_rw": -1.9351905984343074,
      "skill_vs_arima": -2.615708402216168
    },
    "4": {
      "rmse": 7.233830005203581,
      "mae": 6.79972365241999,
      "n": 116,
      "skill_vs_rw": -1.6702108005971636,
      "skill_vs_arima": -2.151854856084613
    }
  },
  "global": {
    "rmse": 5.749852415296234,
    "mae": 4.940971829316499,
    "n": 580
  },
  "covid": {
    "0": {
      "rmse": 3.4481181288465783,
      "mae": 3.3076148249382724,
      "n": 8
    },
    "1": {
      "rmse": 3.499661993342005,
      "mae": 3.360332269078729,
      "n": 8
    },
    "2": {
      "rmse": 3.5631082346959446,
      "mae": 3.4225266750293635,
      "n": 8
    },
    "3": {
      "rmse": 3.623900545063357,
      "mae": 3.4863498297646793,
      "n": 8
    },
    "4": {
      "rmse": 3.7452887430497133,
      "mae": 3.623523870776667,
      "n": 8
    }
  },
  "referencia_rw": {
    "0": 0.7825501115587917,
    "1": 1.3297319161959538,
    "2": 1.7764224137433773,
    "3": 2.204771646790882,
    "4": 2.709085740940683
  },
  "benchmark_arima": {
    "0": 0.5242493499926838,
    "1": 0.9902493835436162,
    "2": 1.4137868503129314,
    "3": 1.7898083278476233,
    "4": 2.295102514393634
  },
  "hiperparametros": {
    "fourier": 2,
    "cps": 0.00179,
    "cr": 0.86573,
    "n_cp": 13,
    "hps": 0.07933,
    "sps": 0.3565
  }
}